user-00001001|user-00001001
user-00001002|user-00001002
user-00001003|user-00001003
user-00001004|user-00001004
user-00001005|user-00001005
user-00001006|user-00001006
user-00001007|user-00001007
user-00001008|user-00001008
user-00001009|user-00001009
user-00001010|user-00001010
user-00005001|user-00005001
user-00005002|user-00005002
user-00005003|user-00005003
user-00005004|user-00005004
user-00005005|user-00005005
user-00005006|user-00005006
user-00005007|user-00005007
user-00005008|user-00005008
user-00005009|user-00005009
user-00001010|user-00001010
